Company name,Company domain name,Channel,Address,Phone,Instagram,Facebook,Metro
Foster Sundry,fostersundry.com,Cheese shop / Boutique grocery,"215 Knickerbocker Ave, Brooklyn, NY 11237",(718) 569-8426,instagram.com/fostersundry,,NYC
Eastern District,easterndistrictny.com,Cheese shop / Boutique grocery,"1053 Manhattan Ave, Brooklyn, NY 11222",(718) 349-1432,instagram.com/eastrict,facebook.com/EasternDistrict,NYC
Barnyard Cheese Shop,barnyardcheese.com,Cheese shop / Boutique grocery,"170 Avenue B, New York, NY 10009",(212) 777-0691,instagram.com/barnyardcheese,,NYC
Formaggio Essex,,Cheese shop / Boutique grocery,"88 Essex St, New York, NY 10002",(212) 982-8200,,,NYC
BKLYN Larder,bklynlarder.com,Cheese shop / Boutique grocery,"228 Flatbush Ave, Brooklyn, NY 11217",(718) 783-1250,instagram.com/bklynlarder,facebook.com/bklynlarder,NYC
Floral Fromage,floralfromage.com,Cheese shop / Boutique grocery,"117 Grattan St Ste 117, Brooklyn, NY 11237",(646) 943-1070,,,NYC
Saxelby Cheesemongers,saxelbycheese.com,Cheese shop / Boutique grocery,"75 9th Ave, New York, NY 10011",(646) 892-3077,instagram.com/saxelbycheese,facebook.com/saxelbycheese,NYC
Ideal Cheese Shop,idealcheese.com,Cheese shop / Boutique grocery,"942 1st Ave, New York, NY 10022",(212) 688-7579,,,NYC
Monger's Palate,mongerspalate.com,Cheese shop / Boutique grocery,"192 Driggs Ave, Brooklyn, NY 11222",(718) 383-0612,instagram.com/mongerspalate,facebook.com/MongersPalate,NYC
Cheese Plate Brooklyn (Carroll Gardens),cheeseplatebrooklyn.com,Cheese shop / Boutique grocery,"323 Court St, Brooklyn, NY 11231",(347) 457-5355,,,NYC
Cheese Plate Brooklyn (Park Slope),cheeseplatebrooklyn.com,Cheese shop / Boutique grocery,"400 7th Ave, Brooklyn, NY 11215",,,,NYC
Stand Alone Cheese,standalonecheese.com,Cheese shop / Boutique grocery,"79-07 37th Ave, Jackson Heights, NY 11372",(929) 296-9000,instagram.com/standalonecheese,facebook.com/standalonecheese,NYC
Campbell and Co,campbellandco.nyc,Cheese shop / Boutique grocery,"502 Lorimer St, Brooklyn, NY 11211",(718) 387-2267,instagram.com/campbellandco.nyc,facebook.com/CampbellCheese,NYC
Lea Fromages,leafromages.square.site,Cheese shop / Boutique grocery,"231 Smith St, Brooklyn, NY 11231",(929) 745-1006,,,NYC
Murray's Cheese (Bleecker),murrayscheese.com,Cheese shop / Boutique grocery,"254 Bleecker St, New York, NY 10014",(212) 243-3289,,,NYC
Murray's Cheese (Grand Central),murrayscheese.com,Cheese shop / Boutique grocery,"89 E 42nd St, New York, NY 10017",(929) 717-0560,,,NYC
Rebel Cheese (Essex Market),rebelcheese-essexmarket.com,Cheese shop / Boutique grocery,"88 Essex St Stall 35, New York, NY 10002",(917) 716-6459,,,NYC
Cipollina Gourmet Italian Market,,Cheese shop / Boutique grocery,"116-09 Queens Blvd, Forest Hills, NY 11375",(718) 520-5444,,facebook.com/CipollinaForestHills,NYC
Di Palo's Fine Foods,dipaloselects.com,Cheese shop / Boutique grocery,"200 Grand St, New York, NY 10013",(212) 226-1033,,,NYC
Pace's Italian Market,,Cheese shop / Boutique grocery,"2314 Arthur Ave, Bronx, NY 10458",(347) 862-1860,,,NYC
Tavola Italian Market,tavolamarket.com,Cheese shop / Boutique grocery,"274 Court St, Brooklyn, NY 11231",(347) 916-0201,,,NYC
67 Gourmet,67wine.com,Cheese shop / Boutique grocery,"194 Columbus Ave, New York, NY 10023",(646) 767-0071,instagram.com/67wine,facebook.com/67Wine,NYC
Greene Grape Provisions,greenegrape.com,Cheese shop / Boutique grocery,"767 Fulton St, Brooklyn, NY 11217",(718) 233-2700,instagram.com/greenegrape,facebook.com/TheGreeneGrape,NYC
Spitfire Cheese & Sundry,spitfirecheese.com,Cheese shop / Boutique grocery,"927 8th Ave, New York, NY 10019",,instagram.com/spitfirecheese,,NYC
The Grazing Box,thegrazingboxfh.com,Cheese shop / Boutique grocery,"71-38 Nansen St, Forest Hills, NY 11375",(347) 572-4661,instagram.com/thegrazingboxfh,,NYC
Joe Mozz,joemozz.com,Cheese shop / Boutique grocery,"1021 Post Ave, Staten Island, NY 10302",(917) 626-2813,instagram.com/joemozzsi,facebook.com/joemozz,NYC
Pastosa Ravioli (Eltingville),pastosa-eltingville.com,Cheese shop / Boutique grocery,"3817 Richmond Ave, Staten Island, NY 10312",(718) 356-4600,,,NYC
D. Coluccio & Sons,dcoluccioandsons.com,Cheese shop / Boutique grocery,"1214-20 60th St, Brooklyn, NY 11219",(718) 436-6700,,,NYC
Titan Foods,titanfoods.com,Cheese shop / Boutique grocery,"23-53 Steinway St, Astoria, NY 11105",(718) 626-7771,instagram.com/titanfoods,facebook.com/TitanFoods,NYC
Despana Gourmet Queens,despanabrandfoods.com,Cheese shop / Boutique grocery,"30-49 60th St, Woodside, NY 11377",(718) 721-0341,instagram.com/despananyc,,NYC
Caputo's Fine Foods,caputosfinefoods.com,Cheese shop / Boutique grocery,"460 Court St, Brooklyn, NY 11231",(718) 855-8852,,,NYC
Citarella Gourmet Market (UES),citarella.com,Cheese shop / Boutique grocery,"1313 3rd Ave, New York, NY 10021",(212) 874-0383,instagram.com/citarellagourmetmarket,facebook.com/CitarellaGourmetMarket,NYC
Frank & Sal Italian Market,frankandsal.com,Cheese shop / Boutique grocery,"8008 18th Ave, Brooklyn, NY 11214",(718) 331-8100,instagram.com/frankandsal,facebook.com/FrankAndSalStatenIsland,NYC
Depanneur,depanneur.com,Cheese shop / Boutique grocery,"242 Wythe Ave, Brooklyn, NY 11249",(718) 989-1022,,,NYC
Bee's Knees Provisions,beeskneesprovisions.com,Cheese shop / Boutique grocery,"215 Smith St, Brooklyn, NY 11201",(718) 971-1197,instagram.com/beeskneesprovisions,,NYC
Russo's Mozzarella & Pasta (7th Ave),,Cheese shop / Boutique grocery,"363 7th Ave, Brooklyn, NY 11215",(718) 369-2874,,,NYC
Russo's Mozzarella and Pasta (5th Ave),russosmozzarellaandpasta.net,Cheese shop / Boutique grocery,"312 5th Ave #314, Brooklyn, NY 11215",(718) 788-6699,,,NYC
A.L.C. Italian Grocery,alcitaliangrocery.com,Cheese shop / Boutique grocery,"8613 3rd Ave, Brooklyn, NY 11209",(718) 836-3200,instagram.com/alcitaliangrocery,,NYC
Sahadi's,sahadis.com,Cheese shop / Boutique grocery,"187 Atlantic Ave, Brooklyn, NY 11201",(718) 788-7500,instagram.com/sahadis,facebook.com/Sahadis,NYC
Mill Basin Shuk,mbshul.com,Cheese shop / Boutique grocery,"6324 Avenue N, Brooklyn, NY 11234",(718) 241-5600,,,NYC
Gourmet Plaza,,Cheese shop / Boutique grocery,"1309 Kings Hwy, Brooklyn, NY 11229",(718) 382-4537,,,NYC
Marky's Caviar Brooklyn,markyscaviar.com,Cheese shop / Boutique grocery,"2323 Avenue X, Brooklyn, NY 11235",(718) 646-1336,instagram.com/markyscaviar,,NYC
OLMA Caviar,olmafood.com,Cheese shop / Boutique grocery,"2222 Avenue X, Brooklyn, NY 11235",(833) 522-8427,instagram.com/olmacaviar,facebook.com/olmacaviar,NYC
Murray's Sturgeon Shop,murrayssturgeon.com,Cheese shop / Boutique grocery,"2429 Broadway, New York, NY 10024",(212) 724-2650,,,NYC
Hudson Market,thehudsonmarket.com,Cheese shop / Boutique grocery,"601 W 57th St, New York, NY 10019",(212) 757-2893,,,NYC
HappyBoards Cheese & Charcuterie,happyboards.com,Cheese shop / Boutique grocery,"112 W 25th St, New York, NY 10001",(757) 798-8095,instagram.com/tryhappyboards,facebook.com/tryhappyboards,NYC
Casa Della Mozzarella,,Cheese shop / Boutique grocery,"604 E 187th St, Bronx, NY 10458",(718) 364-3867,,facebook.com/CasaDellaMozzarella,NYC
Leo's Latticini,,Cheese shop / Boutique grocery,"46-02 104th St, Corona, NY 11368",(718) 898-6069,,,NYC
Landi's Pork Store,brooklynporkstore.com,Cheese shop / Boutique grocery,"5909 Avenue N, Brooklyn, NY 11234",(718) 763-3230,instagram.com/brooklynporkstore,facebook.com/brooklynporkstore,NYC
Emily's Pork Store,,Cheese shop / Boutique grocery,"426 Graham Ave, Brooklyn, NY 11211",(718) 383-7216,,,NYC