Company domain name,Company name,Channel
cheeseimporters.com,Cheese Importers,Distributor
flourspastabakeshop.com,Flours Pasta & Bakeshop,Specialty grocer
talamofoods.com,Talamo Foods,Distributor
thelodgeatwoodloch.com,The Lodge at Woodloch,Restaurant / Chef
charcuterie.com,Charcuterie Artisans,Partner / Producer
wsgc.com,Williams-Sonoma,Retail chain
guckenheimer.com,Guckenheimer,Restaurant / Chef
tulliomiami.com,Tullio Miami,Restaurant / Chef
sfb88.net,Soltani Food Brokerage,Distributor
sflimports.com,SFL Imports,Distributor
granducahouston.com,Hotel Granduca,Restaurant / Chef
cheesestorebh.com,The Cheese Store of Beverly Hills,Specialty grocer
tommyrs.com,Tommy R's Catering,Restaurant / Chef
flourbudbakery.com,Flourbud Bakery,Specialty grocer
sophiafoods.com,Sophia Foods,Distributor
ristorantefratellimilano.com,Fratelli Milano,Restaurant / Chef
affinitysales.com,Affinity Group,Distributor
zabars.com,Zabar's,Specialty grocer
broadbranchmarket.com,Broad Branch Market,Specialty grocer
kestepizzeria.com,Keste Pizzeria,Restaurant / Chef
ncg.coop,National Co-op Grocers,Retail chain
jonsmarketplace.com,JONS Fresh Marketplace,Retail chain
dorismarket.com,Doris Italian Market,Specialty grocer
edgewoodtahoe.com,Edgewood Tahoe Resort,Restaurant / Chef
birchwoodclub.com,Birchwood Club,Restaurant / Chef
mamonyc.com,MAMO,Restaurant / Chef
treehss.com,TreeHouse Sales & Solutions,Distributor
tryanglefoods.com,TryAngle Foods,Distributor
kayco.com,Kayco,Distributor
boxncase.com,BoxNCase,Distributor
harristeeter.com,Harris Teeter,Retail chain
maestropasta.com,Maestro Pasta,Partner / Producer
jamcater.com,Jeffrey A. Miller Hospitality Group,Restaurant / Chef
freshmeadow.org,Fresh Meadow Country Club,Restaurant / Chef
accardifoods.com,Accardi Foods,Distributor
carfagnas.com,Carfagna's,Specialty grocer
riverwardsproduce.com,Riverwards Produce,Specialty grocer
rgsellers.com,R G Sellers Co,Distributor
adamsfairacre.com,Adams Fairacre Farms,Retail chain
latrafilapasta.com,La Trafila,Partner / Producer
formaggioasiago.it,Formaggio Asiago,Partner / Producer
superkingmarket.com,Super King Markets,Retail chain
specsonline.com,Spec's,Retail chain
crystalgolfresort.com,Crystal Springs Resort,Restaurant / Chef
ayzanyc.com,Ayza Wine & Chocolate Bar,Restaurant / Chef
mortonwilliams.com,Morton Williams Supermarket,Retail chain
trentoncc.com,Trenton Country Club,Restaurant / Chef
euroimp.sysco.com,Sysco Euro Imports,Distributor
citarella.com,Citarella,Specialty grocer
agorafoodsint.com,Agora Foods International,Distributor
tadaimanyc.com,Tadaima,Restaurant / Chef
fortunegourmet.net,Fortune Gourmet,Specialty grocer
seeandbekitchen.com,See & Be Kitchen,Restaurant / Chef
bresaolabordoni.it,Bresaola Bordoni,Partner / Producer
sistinany.com,Sistina,Restaurant / Chef
internationaldairyfarms.com,International Dairy Farms,Partner / Producer
mohonk.com,Mohonk Mountain House,Restaurant / Chef
casatualife.com,Casa Tua,Restaurant / Chef
kraimpco.com,Kradjian Co,Distributor
taralluccievino.net,Tarallucci e Vino,Restaurant / Chef
junglejims.com,Jungle Jim's International Market,Retail chain
botticellifoods.com,Botticelli Foods,Partner / Producer
orlando-imports.com,Orlando Imports,Distributor
mylesrestaurantgroup.com,Myles Restaurant Group,Restaurant / Chef
cliffhousemaine.com,Cliff House Maine,Restaurant / Chef
magnificofood.com,Magnifico Food,Distributor
pinchmiami.com,Pinch Kitchen+Bar,Restaurant / Chef
compass-usa.com,Compass Group,Restaurant / Chef
ussllc.com,United Sales & Service,Distributor
portosbakery.com,Porto's Bakery,Specialty grocer
bottleking.com,Bottle King,Retail chain
ehgc.com,East Hampton Golf Club,Restaurant / Chef
contessamiami.com,Contessa Ristorante,Restaurant / Chef
skytop.com,Skytop Lodge,Restaurant / Chef
altomontes.com,Altomontes,Specialty grocer
violaimports.com,Viola Imports,Distributor
unionmarket.com,Union Market,Specialty grocer
formaggiocheese.com,Formaggio Cheese,Specialty grocer
felicerestaurants.com,Felice,Restaurant / Chef
peacockcheese.com,Peacock Cheese,Partner / Producer
isolaimports.com,Isola Imports,Distributor
gourmetint.com,Gourmet International,Distributor
javfood.com,JAV FOOD,Distributor
oakleycountryclub.org,Oakley Country Club,Restaurant / Chef
gmi-trading.com,GMI Trading,Distributor
casafoods.com,Casa Foods,Distributor
nuovopasta.com,Nuovo Pasta,Partner / Producer
grandaisybakery.com,Grandaisy Bakery,Specialty grocer
dekalbfarmersmarket.com,Dekalb Farmers Market,Specialty grocer
truffleist.com,The Truffleist,Partner / Producer
rossiorganics.com,Rossi Organics,Partner / Producer
toscanadivino.com,Toscana Divino,Restaurant / Chef
pacificafoods.com,Pacifica Foods,Distributor
maggiesnyc.com,Maggie's Place,Restaurant / Chef
cento.com,Cento Fine Foods,Partner / Producer
ranierifoods.com,Ranieri Fine Foods,Distributor
dhmarket.com,D&H Marketing,Distributor
seacoastsalesinc.com,Seacoast Sales Inc,Distributor
homecookingny.com,Home Cooking New York,Restaurant / Chef
ivfh.com,Innovative Food Holdings,Distributor
lucamiami.com,Luca Osteria,Restaurant / Chef
ingles-markets.com,Ingles Markets,Retail chain
delphiafood.com,Delphia Food,Distributor
stoutnyccorp.com,Stout NYC Corp,Restaurant / Chef
fultonmarket-chicago.com,Fulton Market Chicago,Retail chain
schnucks.com,Schnucks,Retail chain
n10restaurant.com,n10restaurant,Restaurant / Chef
rouses.com,Rouses Markets,Retail chain
detwilermarket.com,Detwiler's Farm Market,Specialty grocer
almagourmet.com,Alma Gourmet,Specialty grocer
florafoods.com,Flora Fine Foods,Partner / Producer
heb.com,H-E-B,Retail chain
lascala.com,LaScala,Specialty grocer
stewleonards.com,Stew Leonard's,Retail chain
shaws.com,Shaw's Star Market,Retail chain
rochebros.com,Roche Bros Supermarkets,Retail chain
rednersmarkets.com,Redner's Markets,Retail chain
pricechopper.com,Price Chopper Market 32,Retail chain
shopmarketbasket.com,Market Basket,Retail chain
keyfood.com,Key Food Stores,Retail chain
gristedes.com,Gristedes Supermarkets,Retail chain
fairwaymarket.com,Fairway Market,Retail chain
davesmarketplace.com,Dave's Fresh Marketplace,Retail chain
bigy.com,Big Y Foods,Retail chain
allegianceretailservices.com,Allegiance Retail Services,Retail chain
acmemarkets.com,Acme Markets,Retail chain
gaetanosdeli.com,Gaetano's Deli,Specialty grocer
cosmideli.com,Cosmi's Deli,Specialty grocer
tonyscolonial.com,Tony's Colonial Food Store,Specialty grocer
sarconesdeli.com,Sarcone's Deli,Specialty grocer
salumeriaitaliana.com,Salumeria Italiana,Specialty grocer
theoriginalsalpino.com,Salpino Italian Food Market,Specialty grocer
russomozzarella.com,Russo Mozzarella & Pasta,Specialty grocer
paulypentas.com,Pauly Penta's Gourmet Italian Deli,Specialty grocer
paulisnorthend.com,Pauli's,Specialty grocer
parisibakery.com,Parisi Bakery,Specialty grocer
ninojrsdeli.com,Nino Jr.'s Italian Deli,Specialty grocer
monicasboston.com,Monica's Mercato & Salumeria,Specialty grocer
biancamanos.com,M & P Biancamano,Specialty grocer
labriolas.com,Labriola's Italian Market,Specialty grocer
joesitaliandeli.com,Joe's Italian Deli,Specialty grocer
joeleones.com,Joe Leone's Italian Specialties,Specialty grocer
faiccosnyc.com,Faicco's Italian Specialties,Specialty grocer
dipaloselects.com,Di Palo's Fine Foods,Distributor
danddmarket.com,D&D Market,Specialty grocer
cangianosmarketplace.com,Cangiano's Marketplace,Specialty grocer
briccosalumeria.com,Bricco Salumeria,Specialty grocer
bestsicilybottega.com,Best Sicily Bottega,Specialty grocer
battimellis.com,Battimelli's A&S Italian Fine Foods,Distributor
angelosspecialties.com,Angelo's Specialties,Specialty grocer
anticovinaiousa.com,All'Antico Vinaio,Specialty grocer
asporkstoreyonkers.com,A&S Pork Store of Yonkers,Specialty grocer
wasiks.com,Wasik's Cheese Shop,Specialty grocer
vanhookcheese.com,Van Hook Cheese & Grocery,Specialty grocer
saxelbycheese.com,Saxelby Cheesemongers,Specialty grocer
murrayscheese.com,Murray's Cheese,Specialty grocer
idealcheese.com,Ideal Cheese Shop,Specialty grocer
formaggiokitchen.com,Formaggio Kitchen,Restaurant / Chef
craneriver.com,Crane River Cheese Club,Restaurant / Chef
bedfordcheeseshop.com,Bedford Cheese Shop,Specialty grocer
67wine.com,67 Gourmet,Specialty grocer
uncleg.com,Uncle Giuseppe's Marketplace,Retail chain
cafassosfairwaymkt.com,Cafasso's Fairway Market,Retail chain
deciccos.com,DeCicco & Sons Markets,Retail chain
lincolnmarket.com,Lincoln Market,Retail chain
bierandcheese.com,The Bier & Cheese Collective,Specialty grocer
salumeria,Mona Lisa Salumeria,Specialty grocer
venenda,Venda Ravioli,Specialty grocer
tonysfinefoods.com,Tony's Fine Foods,Distributor
hilton.com,Hilton,Restaurant / Chef
merones.com,Meron's Buon Appetito,Restaurant / Chef
italsempione.it,Italsempione,Distributor
benjaminprime.com,Benjamin Prime,Restaurant / Chef
olioandolive.com,Olio&Olive,Distributor
indo-euro.com,Indo-European Foods,Distributor
ilduomodeisapori.com,Il Duomo Dei Sapori,Specialty grocer
bang-soderlund.com,Bang Soderlund,Distributor
marriott.com,Marriott International,Restaurant / Chef
fineitalianfood.com,Fine Italian Food,Distributor
aitalianfoods.com,A&T Italian Foods,Distributor
primohoagies.com,PrimoHoagies,Restaurant / Chef
originalriccishoagies.com,Original Ricci's Hoagies,Restaurant / Chef
nardellisgrindershoppe.com,Nardelli's Grinder Shoppe,Restaurant / Chef
teitelbros.com,Teitel Brothers,Specialty grocer
tallutos.com,Talluto's Authentic Italian Food,Specialty grocer
fioresofhoboken.com,Fiore's House of Quality,Specialty grocer
espositosmeats.com,Esposito's Meats,Specialty grocer
dibruno.com,Di Bruno Bros,Specialty grocer
tuttoitaliano.com,Tutto Italiano,Specialty grocer
