customer_raw,customer_short,state,sales_region,sku_count
TONY'S FINE FOODS 3575 REED AVENUE - P.O. BOX 1501 WEST SACRAMENTO CA,TONY'S FINE FOODS,CALIFORNIA,SOUTH WEST,3
MUSCO FOOD CORP 57-01 49 TH PLACE MASPETH NY,MUSCO FOOD CORP 57-01,NEW YORK - USA,NORTHEAST,1
"TAMA TRADING COMPANY, INC 1920 EAST 20TH STREET LOS ANGELES CA","TAMA TRADING COMPANY, INC",CALIFORNIA,NORTHWEST,12
"A&T ITALIAN FOODS, INC 7400 SCOUT AVENUE BELL GARDENS CA","A&T ITALIAN FOODS, INC",CALIFORNIA,NORTHWEST,12
LETTIERI & CO. LTD 120 PARK LANE BRISBANE CA,LETTIERI & CO. LTD,CALIFORNIA,NORTHEAST,11
DI PALO FINE FOODS 200 GRAND STREET NEW YORK NY,DI PALO FINE FOODS,NEW YORK - USA,NORTHEAST,33
GLOBAL FOOD SERVICES INC. 4 DUNDEE AVENUE PATERSON NJ,GLOBAL FOOD SERVICES INC.,NEW JERSEY - USA,NORTHEAST,21
SELECTED FOOD & BEVERAGE 7207 B WYNNWOOD LN HOUSTON TX,SELECTED FOOD & BEVERAGE,TEXAS,SOUTH,35
"PDI PERISHABLE DISTRIBUTORS OF IOWA, LTD 2741 PDI PLACE ANKENY IA","PDI PERISHABLE DISTRIBUTORS OF IOWA, LTD",IOWA,MIDWEST,3
JVM SALES 3401A TREMLEY POINT ROAD LINDEN NJ,JVM SALES 3401A TREMLEY POINT ROAD LINDEN NJ,NEW JERSEY - USA,NORTHEAST,1
BOTTICELLI FOODS 59 MALL DRIVE COMMACK NY,BOTTICELLI FOODS,NEW YORK - USA,NORTHEAST,1
ALTOMONTE DOYLESTOWN LLC 856 N. EASTON ROAD DOYLESTOWN PA,ALTOMONTE DOYLESTOWN LLC,PENNSYLVANIA,NORTH EAST,16
"DETWILER'S FARM MARKET, INC 7425 16TH STREET E. STE 101 SARASOTA FL","DETWILER'S FARM MARKET, INC",FLORIDA,SOUTH,8
"FLORIDA VEG INVEST LLC DBA MR GREEN 2450 NW 116TH STREET, BUILDING 1 FLORIDA FL",FLORIDA VEG INVEST LLC DBA MR GREEN,FLORIDA,SOUTH,8
ALBERTSONS LLC P.O. BOX 29093 PHOENIX AZ,ALBERTSONS LLC,ARIZONA,SOUTHWEST,5
"ABC PROVISONS, INC 6529 CUNNINGHAM ROAD, STE#2201 HOUSTON TX","ABC PROVISONS, INC",TEXAS,SOUTH,5
COW BELL LLC 231 SE ALDER STREET PORTLAND OR,COW BELL LLC,OREGON,NORTHWEST,30
TONY'S FOOD MORENO 14026 DAYS STREET MORENO VALLEY CA,TONY'S FOOD MORENO,CALIFORNIA,SOUTH WEST,3
DEKALB FARMERS MARKET 3000 E. PONCE DE LEON AVENUE DECATUR GA,DEKALB FARMERS MARKET,GEORGIA,SOUTH,26
ALMA GOURMET LTD 3912 CRESCENT STREET LONG ISLAND CITY NY,ALMA GOURMET LTD,NEW YORK - USA,NORTHEAST,9
DETWILER'S FARM MARKET 16505 SR-64 BRADENTON FL,DETWILER'S FARM MARKET,FLORIDA,SOUTH,14
ALANRIC FOOD DISTRUBUTORS INC 100 CENTO BLVD WEST DEPTFORD NJ,ALANRIC FOOD DISTRUBUTORS INC,NEW JERSEY - USA,NORTHEAST,2
I & M IMPORT INC 918 N LAKE AVENUE PASADENA CA,I & M IMPORT INC,CALIFORNIA,NORTHWEST,23
SISTINA RESTAURANT 24 E 81ST STREET NEW YORK NY,SISTINA RESTAURANT,NEW YORK - USA,NORTHEAST,2
CARAVAGGIO RESTAURANT 23 E 74TH STREET NEW YORK NY,CARAVAGGIO RESTAURANT,NEW YORK - USA,NORTHEAST,2
GIANGRECO SALES COMPANY 7160 POMELO DRIVE WEST HILLS CA,GIANGRECO SALES COMPANY,CALIFORNIA,NORTHWEST,2
TORO FOODS 2111 E. 51ST STREET VERNON CA,TORO FOODS,CALIFORNIA,NORTHWEST,11
"BALDOR SPECIALITY FOODS, INC 155 FOOD CENTER DIRVE BRONX NY","BALDOR SPECIALITY FOODS, INC",NEW YORK - USA,NORTHEAST,5
OCEANA KB RESTAURANT LLC 1121 CRANDON BLVD KEY BISCAYNE FL,OCEANA KB RESTAURANT LLC,FLORIDA,SOUTH,1
SAVORY CHEESE CORP 51 DEAR PARK AVENUE BABYLON NY,SAVORY CHEESE CORP,NEW YORK - USA,NORTHEAST,21
"GFI NORTHEAST, LLC D/B/A GOURMET FOODS I 38 FAIRFIELD PLACE, SUITE B WEST CALDWELL NJ","GFI NORTHEAST, LLC D/B/A GOURMET FOODS I",NEW JERSEY - USA,NORTHEAST,4
MOSCHELLAS 5648 POST OAK BLVD WESLEY CHAPEL FL,MOSCHELLAS,FLORIDA,SOUTH,13
"ORLANDO IMPORTS, LLC 191 TUBEWAY DRIVE CAROL STREAM IL","ORLANDO IMPORTS, LLC",ILLINOIS - USA,MIDWEST,4
GORDON FOOD SERVICE HQ 1300 GEZON PARKWAY SW WYOMING MI,GORDON FOOD SERVICE HQ,MICHIGAN,SOUTH WEST,1
GORDON FOOD SERVICE - MIAMI 3301 NW 125TH STREET MIAMI FL,GORDON FOOD SERVICE - MIAMI,FLORIDA,NORTH WEST,1
GORDON FOOD SERVICE - PLANT CITY 1410 GORDON FOOD SERVICE DR PLANT CITY FL,GORDON FOOD SERVICE - PLANT CITY,FLORIDA,SOUTH,1
FORNINO 849 MANHATTAN AVE BROOKLYN NY,FORNINO,NEW YORK - USA,NORTHEAST,7
H-E-B 646 SOUTH FLORES STREET SAN ANTONIO TX,H-E-B,TEXAS,SOUTH,3
FERRARO FOODS OF NEW JERSEY LLC 287 SOUTH RANDOLPHVILLE ROAD PISCATAWAY NJ,FERRARO FOODS OF NEW JERSEY LLC,NEW JERSEY - USA,NORTHEAST,3
ACE ENDICO 80 INTERNATIONAL BLVD BREWSTER NY,ACE ENDICO,NEW YORK - USA,NORTHEAST,10
SPECIALTY CO PACK INC. DBA LIAISON WEST 3003 LEONIS BLVD. VERNON CA,SPECIALTY CO PACK INC. DBA LIAISON WEST,CALIFORNIA,NORTHWEST,5
"PRIME LINE DISTRIBUTORS, INC. 2800 SW 42 ND STREET FORT LAUDERDALE FL","PRIME LINE DISTRIBUTORS, INC.",FLORIDA,SOUTH,1
"KEHE DISTRIBUTORS, LLC 4055 DEERPARK BLVD ELKTON FL","KEHE DISTRIBUTORS, LLC",FLORIDA,SOUTH,4
"KEHE DISTRIBUTORS, LLC (DC 19 DALLAS) 4450 LOGISTICS DRIVE DALLAS TX","KEHE DISTRIBUTORS, LLC (DC",TEXAS,SOUTH,4
