Priority,Item code,Product,Category,Pack,EXW $/lb,Availability,Image status,Current size,Received? (Y/N),New Cloudinary link
P1,04165,Lagorai Cheese,Alpine & Specialty,"7 oz Exact Weight Wedges, ATM",on request,unavailable,MISSING,—,,
P1,40086,Montasio Cheese DOP,Alpine & Specialty,"7 oz Exact Weight Wedges, vacuum packed",on request,unavailable,MISSING,—,,
P1,03044,Asiago Stagionato DOP,Asiago,"7 oz Exact Weight Wedges, ATM",on request,unavailable,MISSING,—,,
P1,03047,Asiago Vecchio DOP,Asiago,"7 oz Exact Weight Wedges, ATM",on request,unavailable,MISSING,—,,
P1,05050,Grana Padano,Grana Padano,"7 oz Exact Weight Wedges, vacuum packed",on request,unavailable,MISSING,—,,
P1,05099,Parmigiano Reggiano PDO,Parmigiano,"7 oz Exact Weight Wedges, vacuum packed",on request,unavailable,MISSING,—,,
P1,40162,Pecorino Romano DOP,Pecorino & Sheep,"7 oz Exact Weight Wedges, vacuum packed",on request,unavailable,MISSING,—,,
P1,01101,Sharp Provolone,Provolone,"7 oz Exact Weight Wedges, ATM",on request,unavailable,MISSING,—,,
P1,01174,Naturally Smoked Provolone,Provolone,"7 oz Exact Weight Wedges, vacuum packed",on request,unavailable,MISSING,—,,
P2,04168,Fontal Trentinella,Alpine & Specialty,"1/4 Wheel, vacuum packed",$6.73,in_stock,MISSING,—,,
P2,20464,Alta Badia Cheese,Alpine & Specialty,Whole Wheels approx 18 lbs vacuum packed,$11.61,in_stock,MISSING,—,,
P2,20511,Fontal Trentinella,Alpine & Specialty,"FONTAL EU 1/4 Wheel, vacuum pack",$5.05,in_stock,MISSING,—,,
P2,20519,Gorgonzola DOP Mild,Alpine & Specialty,1/8 Wheels approx 4 lbs vacuum packed,$6.81,in_stock,MISSING,—,,
P2,20520,Taleggio DOP,Alpine & Specialty,"Whole Wheels approx 4,4 lbs vacuum packed",$6.95,in_stock,MISSING,—,,
P2,20569,Bianco Duro d'Italia,Alpine & Specialty,"Italian hard cheese 1/4 wheels, vacuum packed",$7.1,in_stock,MISSING,—,,
P2,20584,Stelvio Cheese DOP,Alpine & Specialty,Whole Wheels approx 18 lbs vacuum packed,$9.5,in_stock,MISSING,—,,
P2,40020,Montasio Cheese DOP,Alpine & Specialty,"Whole Wheel, 16-18 lbs",$7.33,in_stock,MISSING,—,,
P2,40130,Montasio Cheese DOP,Alpine & Specialty,"1/4 Wheel, vacuum packed",$7.49,in_stock,MISSING,—,,
P2,40158,Piave Cheese DOP,Alpine & Specialty,AGED MORE THAN 12 MONTHS Whole Wheels approx 11 lbs vacuum packed,$9.75,in_stock,MISSING,—,,
P2,02302,Asiago Fresco DOP,Asiago,SQUARE SHAPE FOR SLICING,$6.2,in_stock,MISSING,—,,
P2,03014,Asiago Vecchio DOP,Asiago,"1/4 Wheel, vacuum packed",$8.16,in_stock,MISSING,—,,
P2,20142,Caciotta (Basket Rind),Caciotta,BLACK PEPPER (with black peppers) 6 lb,$5.98,in_stock,MISSING,—,,
P2,20229,"Caciotta (Basket Rind, Small)",Caciotta,"HERBS (with aromatic herbs) - 1,2 lbs",$6.25,in_stock,MISSING,—,,
P2,05012,Grana Padano,Grana Padano,1/2 horizontal cut for party,$7.63,in_stock,MISSING,—,,
P2,05018,Grana Padano Riserva,Grana Padano,"1/8 Wheel, vacuum packed minimum 16 months ageing",$8.8,in_stock,MISSING,—,,
P2,05095,Grana Padano Riserva,Grana Padano,"TRENTIN GRANA AGED MIN. 20 MONTHS Whole Wheel, 66-77 lbs",$10.13,in_stock,MISSING,—,,
P2,05025,Parmigiano Reggiano PDO,Parmigiano,"Aged minimum 12 months 1/8 Wheel, vacuum packed",$11.78,in_stock,MISSING,—,,
P2,05033,Parmigiano Reggiano PDO,Parmigiano,"Aged minimum 24 months Whole Wheel, 66-77 lbs",$13.96,in_stock,MISSING,—,,
P2,05034,Parmigiano Reggiano PDO,Parmigiano,"Aged minimum 12 months Whole Wheel, 66-77 lbs",$11.64,in_stock,MISSING,—,,
P2,40103,Pecorino Romano DOP,Pecorino & Sheep,Whole Wheels vacuum packed - 58 lbS Approx,$7.49,in_stock,MISSING,—,,
P2,40104,Pecorino Romano DOP,Pecorino & Sheep,"1/4 Wheel, vacuum packed",$7.68,in_stock,MISSING,—,,
P2,40140,Ricotta Salata Saporita,Pecorino & Sheep,Whole Wheels approx 7 lbs vacuum packed,$4.2,in_stock,MISSING,—,,
P2,40174,Pecorino Toscano DOP,Pecorino & Sheep,Whole Wheels Aged minimum 60 days - 6 lbS Approx vacuum packed,$9.19,in_stock,MISSING,—,,
P2,40175,Pecorino Toscano DOP,Pecorino & Sheep,Whole wheel Aged minimum 120 days - 6 lbS Approx vacuum packed,$10.02,in_stock,MISSING,—,,
P2,20450,Bra Piemontese DOP,Piemontesi,TENERO/SOFT -Whole Wheels vacuum packed - 15 lbS Approx,$8.26,in_stock,MISSING,—,,
P2,20451,Bra Piemontese DOP,Piemontesi,DURO/HARD Whole Wheels vacuum packed - 15 lbS Approx,$9.94,in_stock,MISSING,—,,
P2,20452,Toma Piemontese DOP,Piemontesi,TOMA Whole Wheels vacuum packed - 15 lbS Approx,$8.26,in_stock,MISSING,—,,
P2,20453,Raschera Piemontese DOP,Piemontesi,TENERO/SOFT -Whole Wheels vacuum packed - 15 lbS Approx,$8.09,in_stock,MISSING,—,,
P2,01126,Sharp Provolone,Provolone,round shape with rope aged minimum 5 months,$7.85,in_stock,MISSING,—,,
P2,01154,Sharp Provolone,Provolone,"Mild provolone fiaschetto rope, approx 3 lbs",$6.93,in_stock,MISSING,—,,
P2,01155,Naturally Smoked Provolone,Provolone,"Smoked provolone fiaschetto rope, approx 3 lbs",$7.38,in_stock,MISSING,—,,
P2,01186,Naturally Smoked Provolone,Provolone,"Cylinder, vacuum packed, 7 lbs approx",$6.21,in_stock,MISSING,—,,
P2,20438,Mild Provolone,Provolone,"Cylinder, vacuum packed, 7 lbs approx",$6.09,in_stock,MISSING,—,,
P3,20717,Bianco Duro d'Europa,Alpine & Specialty,"European hard cheese 1/4 wheels, vacuum packed",$6.73,unavailable,MISSING,—,,
P3,05123,Grana Padano,Grana Padano,"Grated, resealable bag, 1.5 lbs fixed weight",$8.37,preorder,MISSING,—,,
P3,05124,Grana Padano,Grana Padano,"Flakes, resealable bag, 1.5 lbs fixed weight",$9.42,preorder,MISSING,—,,
P3,05205,Grana Padano,Grana Padano,"Flakes tray, 1 lb approx",$9.5,preorder,MISSING,—,,
P3,05211,Grana Padano,Grana Padano,"Flakes bag, 5.5 lbs fixed weight",$9.27,preorder,MISSING,—,,
P3,20700,Pecorino Siciliano Primosale,Pecorino & Sheep,Pecorino white Whole Wheels approx 14 oz lbs vacuum packed,$7.75,preorder,MISSING,—,,
P3,20701,Pecorino Siciliano Primosale,Pecorino & Sheep,pecorino with olives Whole Wheels approx 14 oz lbs vacuum packed,$8.02,preorder,MISSING,—,,
P3,20702,Pecorino Siciliano Primosale,Pecorino & Sheep,Pecorino with curry Whole Wheels approx 14 oz lbs vacuum packed,$8.1,preorder,MISSING,—,,
P3,20703,Pecorino Siciliano Primosale,Pecorino & Sheep,pecorino ghiotto with Whole Wheels approx 14 oz lbs vacuum packed,$8.18,preorder,MISSING,—,,
P3,20719,Pecorino Siciliano Primosale,Pecorino & Sheep,Pecorino saffron & bacck pepper Whole Wheels approx 14 oz lbs vacuum packed,$11.62,preorder,MISSING,—,,
P3,20720,Pecorino Siciliano Primosale,Pecorino & Sheep,Pecorino with pistachio Whole Wheels approx 14 oz lbs vacuum packed,$8.33,preorder,MISSING,—,,
P3,20567,Castelmagno DOP,Piemontesi,Whole Wheels vacuum packed - 15 lbS Approx,$20.08,unavailable,MISSING,—,,
P3,01401,Sharp Provolone,Provolone,"Shredded, atmosphere-modified bags, 5 lbs",$7.03,preorder,MISSING,—,,
P3,20437,Cacio Provolone,Provolone,"Cylinder for slicing, vacuum packed, red chili pepper",$5.78,preorder,MISSING,—,,
P3,20439,Cacio Provolone,Provolone,"Cylinder for slicing, vacuum packed, black peppercorn",$5.78,preorder,MISSING,—,,
P3,20440,Cacio Provolone,Provolone,"Cylinder for slicing, vacuum packed, mountain herbs",$5.78,preorder,MISSING,—,,
P3,20441,Cacio Provolone,Provolone,"Cylinder for slicing, vacuum packed, black summer truffle",$7.27,preorder,MISSING,—,,
P4,04046,Vezzena Cheese,Alpine & Specialty,"1/4 Wheel, vacuum packed",$8.22,in_stock,LOW-RES,1667px,,
P4,40107,Piave Cheese DOP,Alpine & Specialty,MEZZANO Whole Wheels approx 13 lbs vacuum packed,$8.29,in_stock,LOW-RES,652px,,
P4,40109,Piave Cheese DOP,Alpine & Specialty,AGED MORE THAN 6 months Whole Wheels approx 12 lbs vacuum packed,$8.65,in_stock,LOW-RES,672px,,
P4,02073,Asiago Fresco DOP,Asiago,"1/4 Wheel, vacuum packed",$6.01,in_stock,LOW-RES,1667px,,
P4,03010,Asiago Stagionato DOP,Asiago,"1/4 Wheel, vacuum packed",$7.42,in_stock,LOW-RES,1461px,,
P4,05007,Grana Padano,Grana Padano,"1/8 Wheel, vacuum packed",$7.68,in_stock,LOW-RES,1772px,,
P4,40163,Ricotta Salata Saporita,Pecorino & Sheep,"7 oz Exact Weight Wedges, vacuum packed",on request,unavailable,LOW-RES,1411px,,
